<?xml version="1.0" encoding="UTF-8"?>
<project-private xmlns="http://www.netbeans.org/ns/project-private/1">
    <editor-bookmarks xmlns="http://www.netbeans.org/ns/editor-bookmarks/2" lastBookmarkId="0"/>
    <open-files xmlns="http://www.netbeans.org/ns/projectui-open-files/2">
        <group>
            <file>file:/home/aluno/NetBeansProjects/Projeto%20Gustavo%20Java/src/app/Produto.java</file>
            <file>file:/home/aluno/NetBeansProjects/Projeto%20Gustavo%20Java/src/app/Main.java</file>
            <file>file:/home/aluno/NetBeansProjects/Projeto%20Gustavo%20Java/src/app/MateriaPrima.java</file>
            <file>file:/home/aluno/NetBeansProjects/Projeto%20Gustavo%20Java/src/app/ProdutoAcabado.java</file>
            <file>file:/home/aluno/NetBeansProjects/Projeto%20Gustavo%20Java/src/app/Cerveja.java</file>
        </group>
    </open-files>
</project-private>
